sut_index,sut_id,source,target_class,workflow_exit
1,100_jgaap,preflight_ok,CharacterEventSet,0
2,101_netweaver,preflight_ok,com.sap.engine.services.dc.wsgate.Application,0
3,102_squirrel-sql,preflight_ok,net.sourceforge.squirrel_sql.client.ApplicationArguments,0
4,103_sweethome3d,preflight_ok,com.eteks.sweethome3d.HomeFrameController,0
5,104_vuze,preflight_ok,com.aelitis.azureus.activities.VuzeActivitiesConstants,0
6,105_freemind,preflight_ok,accessories.plugins.ApplyFormatPlugin,0
7,106_checkstyle,rescued,com.atlassw.tools.eclipse.checkstyle.actions.ActivateProjectsAction,0
8,107_weka,preflight_ok,weka.Run,0
9,108_liferay,preflight_ok,com.liferay.counter.model.CounterHolder,0
10,109_pdfsam,preflight_ok,it.pdfsam.components.JHelpLabel,0
11,10_water-simulator,preflight_ok,simulator.CA.BehaviourReceiveSavePersonalDataRequest,0
12,110_firebird,preflight_ok,org.firebirdsql.ds.DataSourceFactory,0
13,11_imsmart,preflight_ok,com.imsmart.cms.MContentManagerFileNet,0
14,12_dsachat,preflight_ok,dsachat.Main,0
15,13_jdbacl,preflight_ok,org.databene.jdbacl.ArrayResultSetIterator,0
16,14_omjstate,preflight_ok,uk.me.jockmacmad.jstate.state.EndState,0
17,15_beanbin,preflight_ok,net.sourceforge.beanbin.ActiveIterator,0
18,16_templatedetails,preflight_ok,com.rakegroup.JoomlaOutput,0
19,17_inspirento,rescued,com.allenstudio.ir.core.plugins.CommonNote,0
20,18_jsecurity,preflight_ok,org.jsecurity.authc.SimpleAccount,0
21,19_jmca,rescued,com.soops.CEN4010.JMCA.DummyParser,0
22,1_tullibee,preflight_ok,com.ib.client.AnyWrapperMsgGenerator,0
23,20_nekomud,preflight_ok,net.sourceforge.nekomud.ConfigurableMessageWriter,0
24,21_geo-google,preflight_ok,com.google.earth.kml._2.KmlType,0
25,22_byuic,preflight_ok,com.yahoo.platform.yui.compressor.Bootstrap,0
26,23_jwbf,preflight_ok,net.sourceforge.jwbf.JWBF,0
27,24_saxpath,preflight_ok,com.werken.saxpath.XPathReader,0
28,25_jni-inchi,preflight_ok,net.sf.jniinchi.JniInchiAtom,0
30,27_gangup,preflight_ok,map.DefaultNode,0
31,28_greencow,preflight_ok,greencow.Main,0
32,29_apbsmem,preflight_ok,jahuwaldt.plot.AxisLimitData,0
33,2_a4j,preflight_ok,net.kencochrane.a4j.A4j,0
34,30_bpmail,preflight_ok,ch.bluepenguin.email.aop.DebugAfterReturnAdvice,0
35,31_xisemele,preflight_ok,net.sf.xisemele.impl.XisemeleFactory,0
36,32_httpanalyzer,rescued,httpanalyzer.FileUtils,0
37,33_javaviewcontrol,preflight_ok,com.pmdesigns.jvc.JVCDispatcher,0
38,34_sbmlreader2,preflight_ok,sbmlreader2.AddToClasspath,0
39,35_corina,preflight_ok,corina.Build,0
40,36_schemaspy,rescued,net.sourceforge.schemaspy.DbAnalyzer,0
41,37_petsoar,preflight_ok,org.petsoar.actions.cart.AddPetToShoppingCart,0
42,38_javabullboard,rescued,framework.base.BaseActionMapping,0
43,39_diffi,preflight_ok,de.beiri22.commandline.CommandLine,0
44,3_gaj,preflight_ok,brain.ga.GAAlgorithm,0
45,40_glengineer,preflight_ok,glengineer.GroupLayoutEngineer,0
46,41_follow,preflight_ok,ghm.follow.FileFollower,0
47,42_asphodel,preflight_ok,org.asphodel.AsphodelConfig,0
48,43_lilith,rescued,de.huxhorn.lilith.buffers.FilteringBuffer,0
49,44_summa,preflight_ok,dk.statsbiblioteket.summa.common.Logging,0
50,45_lotus,preflight_ok,lotus.UI.console.LocalConsoleUserInterface,0
51,46_nutzenportfolio,preflight_ok,ch.bfh.egov.nutzenportfolio.action.AuswahlfeldAction,0
52,47_dvd-homevideo,preflight_ok,Author,0
53,48_resources4j,preflight_ok,com.mytdev.resources4j.ResourcesInjector,0
54,49_diebierse,preflight_ok,bierse.Bierse,0
55,4_rif,preflight_ok,com.densebrain.rif.client.RIFClassLoader,0
56,50_biff,preflight_ok,Codes,0
57,51_jiprof,rescued,com.jchapman.jipsnapman.actions.ErrorDisplayAction,0
58,52_lagoon,preflight_ok,nu.staldal.ftp.FTPClient,0
59,53_shp2kml,preflight_ok,net.sourceforge.shp2kml.Converter,0
60,54_db-everywhere,preflight_ok,com.gbshape.dbe.derby.DerbyDataBase,0
61,55_lavalamp,rescued,net.sf.lavalamp.application.WebRun,0
62,56_jhandballmoves,rescued,visu.handball.moves.actions.AboutAction,0
63,57_hft-bomberman,rescued,client.controller.LocalControl,0
64,58_fps370,preflight_ok,fps370.Fps370,0
65,59_mygrid,preflight_ok,mygrid.Engine,0
66,5_templateit,preflight_ok,org.apache.poi.hssf.usermodel.HSSFDataFormat,0
67,60_sugar,preflight_ok,net.sf.sugar.fspath.DefaultFSPath,0
68,61_noen,preflight_ok,fi.vtt.noen.datagen.Main,0
69,62_dom4j,preflight_ok,org.dom4j.DefaultDocumentFactory,0
70,63_objectexplorer,preflight_ok,de.paragon.explorer.Explorer,0
71,64_jtailgui,preflight_ok,fr.pingtimeout.jtail.Application,0
72,65_gsftp,preflight_ok,com.gotoservers.ftp.FtpApplet,0
73,66_openjms,preflight_ok,Browser,0
74,67_gae-app-manager,preflight_ok,net.sf.gaeappmanager.google.LogonHelper,0
75,68_biblestudy,preflight_ok,bible.obj.Book,0
76,69_lhamacaw,preflight_ok,macaw.businessLayer.AliasFilePath,0
77,6_jnfe,preflight_ok,br.com.jnfe.base.ConsReciNFe,0
78,70_echodep,preflight_ok,edu.uiuc.ndiipp.hubandspoke.packager.DirectoryPackager,0
79,71_ext4j,preflight_ok,com.tripfilms.os.exttaglib.pagination.datatype.ObjectFactory,0
80,72_battlecry,preflight_ok,bcry.battlecryLive,0
81,73_fim1,rescued,osa.ora.server.admin.ui.AddUserPanel,0
82,74_fixsuite,preflight_ok,org.fixsuite.message.Library,0
83,75_openhre,preflight_ok,com.browsersoft.aacs.Group,0
84,76_dash-framework,preflight_ok,dash.examples.buildConsumers.BuildFieldConsumer,0
85,77_io-project,preflight_ok,ioproject.client.network.Server,0
86,78_caloriecount,preflight_ok,com.lts.ExceptionUtil,0
87,79_twfbplayer,preflight_ok,de.outstare.fortbattleplayer.Applet,0
88,7_sfmis,preflight_ok,com.hf.sfm.crypt.Base64,0
89,80_wheelwebtool,preflight_ok,wheel.Asset,0
90,81_javathena,preflight_ok,org.character.CharServer,0
91,82_ipcalculator,preflight_ok,ipac.BinaryCalculate,0
92,83_xbus,rescued,net.sf.xbus.base.core.MessageHandler,0
93,84_ifx-framework,preflight_ok,org.sourceforge.ifx.basetypes.IFXBase64Binary,0
94,85_shop,preflight_ok,umd.cs.shop.JSAllReduction,0
95,86_at-robots2-j,preflight_ok,net.virtualinfinity.atrobots.ArenaObjectVisitorAdaptor,0
96,87_jaw-br,preflight_ok,jaw.Main,0
97,88_jopenchart,preflight_ok,de.progra.charting.Axis,0
98,89_jiggler,preflight_ok,jigl.image.ColorHistogram,0
99,8_gfarcegestionfa,preflight_ok,fr.unice.gfarce.connect.Db4oConfig,0
100,90_dcparseargs,preflight_ok,de.devcity.parseargs.ArgsParser,0
101,91_classviewer,preflight_ok,com.jstevh.tools.StringList,0
102,92_jcvi-javacommon,preflight_ok,org.jcvi.jillion.assembly.AssemblyUtil,0
103,93_quickserver,preflight_ok,org.quickserver.net.client.BlockingClient,0
104,94_jclo,preflight_ok,Example,0
105,95_celwars2009,preflight_ok,Client,0
106,96_heal,preflight_ok,hsqlServlet,0
107,97_feudalismgame,preflight_ok,src.Actions,0
108,98_trans-locator,preflight_ok,Joshua.FoxHunt.FoxCalc,0
109,99_newzgrabber,preflight_ok,Newzgrabber.AboutPanel,0
110,9_falselight,preflight_ok,DataBase,0
